country,year,population,source_dataset
AT,2025,9029008,Eurostat proj_19np EUROPOP2023 baseline
AT,2026,9056032,Eurostat proj_19np EUROPOP2023 baseline
AT,2027,9081582,Eurostat proj_19np EUROPOP2023 baseline
AT,2028,9105605,Eurostat proj_19np EUROPOP2023 baseline
AT,2029,9128085,Eurostat proj_19np EUROPOP2023 baseline
AT,2030,9149001,Eurostat proj_19np EUROPOP2023 baseline
AT,2031,9168378,Eurostat proj_19np EUROPOP2023 baseline
AT,2032,9186322,Eurostat proj_19np EUROPOP2023 baseline
AT,2033,9202944,Eurostat proj_19np EUROPOP2023 baseline
AT,2034,9218358,Eurostat proj_19np EUROPOP2023 baseline
AT,2035,9232708,Eurostat proj_19np EUROPOP2023 baseline
AT,2036,9246132,Eurostat proj_19np EUROPOP2023 baseline
AT,2037,9258758,Eurostat proj_19np EUROPOP2023 baseline
AT,2038,9270663,Eurostat proj_19np EUROPOP2023 baseline
AT,2039,9281870,Eurostat proj_19np EUROPOP2023 baseline
AT,2040,9292363,Eurostat proj_19np EUROPOP2023 baseline
AT,2041,9302159,Eurostat proj_19np EUROPOP2023 baseline
AT,2042,9311198,Eurostat proj_19np EUROPOP2023 baseline
AT,2043,9319386,Eurostat proj_19np EUROPOP2023 baseline
AT,2044,9326645,Eurostat proj_19np EUROPOP2023 baseline
AT,2045,9332840,Eurostat proj_19np EUROPOP2023 baseline
AT,2046,9337916,Eurostat proj_19np EUROPOP2023 baseline
AT,2047,9341787,Eurostat proj_19np EUROPOP2023 baseline
AT,2048,9344407,Eurostat proj_19np EUROPOP2023 baseline
AT,2049,9345755,Eurostat proj_19np EUROPOP2023 baseline
AT,2050,9345829,Eurostat proj_19np EUROPOP2023 baseline
BE,2025,11661206,Eurostat proj_19np EUROPOP2023 baseline
BE,2026,11682113,Eurostat proj_19np EUROPOP2023 baseline
BE,2027,11702256,Eurostat proj_19np EUROPOP2023 baseline
BE,2028,11721611,Eurostat proj_19np EUROPOP2023 baseline
BE,2029,11740202,Eurostat proj_19np EUROPOP2023 baseline
BE,2030,11757990,Eurostat proj_19np EUROPOP2023 baseline
BE,2031,11775036,Eurostat proj_19np EUROPOP2023 baseline
BE,2032,11791308,Eurostat proj_19np EUROPOP2023 baseline
BE,2033,11806853,Eurostat proj_19np EUROPOP2023 baseline
BE,2034,11821687,Eurostat proj_19np EUROPOP2023 baseline
BE,2035,11835820,Eurostat proj_19np EUROPOP2023 baseline
BE,2036,11849251,Eurostat proj_19np EUROPOP2023 baseline
BE,2037,11861941,Eurostat proj_19np EUROPOP2023 baseline
BE,2038,11873817,Eurostat proj_19np EUROPOP2023 baseline
BE,2039,11884834,Eurostat proj_19np EUROPOP2023 baseline
BE,2040,11894881,Eurostat proj_19np EUROPOP2023 baseline
BE,2041,11903861,Eurostat proj_19np EUROPOP2023 baseline
BE,2042,11911676,Eurostat proj_19np EUROPOP2023 baseline
BE,2043,11918209,Eurostat proj_19np EUROPOP2023 baseline
BE,2044,11923438,Eurostat proj_19np EUROPOP2023 baseline
BE,2045,11927324,Eurostat proj_19np EUROPOP2023 baseline
BE,2046,11929877,Eurostat proj_19np EUROPOP2023 baseline
BE,2047,11931069,Eurostat proj_19np EUROPOP2023 baseline
BE,2048,11930955,Eurostat proj_19np EUROPOP2023 baseline
BE,2049,11929576,Eurostat proj_19np EUROPOP2023 baseline
BE,2050,11926987,Eurostat proj_19np EUROPOP2023 baseline
BG,2025,6690388,Eurostat proj_19np EUROPOP2023 baseline
BG,2026,6641602,Eurostat proj_19np EUROPOP2023 baseline
BG,2027,6593155,Eurostat proj_19np EUROPOP2023 baseline
BG,2028,6545093,Eurostat proj_19np EUROPOP2023 baseline
BG,2029,6497456,Eurostat proj_19np EUROPOP2023 baseline
BG,2030,6450296,Eurostat proj_19np EUROPOP2023 baseline
BG,2031,6403703,Eurostat proj_19np EUROPOP2023 baseline
BG,2032,6357737,Eurostat proj_19np EUROPOP2023 baseline
BG,2033,6312459,Eurostat proj_19np EUROPOP2023 baseline
BG,2034,6267883,Eurostat proj_19np EUROPOP2023 baseline
BG,2035,6224049,Eurostat proj_19np EUROPOP2023 baseline
BG,2036,6180973,Eurostat proj_19np EUROPOP2023 baseline
BG,2037,6138706,Eurostat proj_19np EUROPOP2023 baseline
BG,2038,6097255,Eurostat proj_19np EUROPOP2023 baseline
BG,2039,6056608,Eurostat proj_19np EUROPOP2023 baseline
BG,2040,6016719,Eurostat proj_19np EUROPOP2023 baseline
BG,2041,5977614,Eurostat proj_19np EUROPOP2023 baseline
BG,2042,5939263,Eurostat proj_19np EUROPOP2023 baseline
BG,2043,5901635,Eurostat proj_19np EUROPOP2023 baseline
BG,2044,5864708,Eurostat proj_19np EUROPOP2023 baseline
BG,2045,5828425,Eurostat proj_19np EUROPOP2023 baseline
BG,2046,5792745,Eurostat proj_19np EUROPOP2023 baseline
BG,2047,5757604,Eurostat proj_19np EUROPOP2023 baseline
BG,2048,5722976,Eurostat proj_19np EUROPOP2023 baseline
BG,2049,5688799,Eurostat proj_19np EUROPOP2023 baseline
BG,2050,5655026,Eurostat proj_19np EUROPOP2023 baseline
CY,2025,928295,Eurostat proj_19np EUROPOP2023 baseline
CY,2026,935681,Eurostat proj_19np EUROPOP2023 baseline
CY,2027,942853,Eurostat proj_19np EUROPOP2023 baseline
CY,2028,949778,Eurostat proj_19np EUROPOP2023 baseline
CY,2029,956448,Eurostat proj_19np EUROPOP2023 baseline
CY,2030,962854,Eurostat proj_19np EUROPOP2023 baseline
CY,2031,968999,Eurostat proj_19np EUROPOP2023 baseline
CY,2032,974847,Eurostat proj_19np EUROPOP2023 baseline
CY,2033,980435,Eurostat proj_19np EUROPOP2023 baseline
CY,2034,985748,Eurostat proj_19np EUROPOP2023 baseline
CY,2035,990814,Eurostat proj_19np EUROPOP2023 baseline
CY,2036,995624,Eurostat proj_19np EUROPOP2023 baseline
CY,2037,1000227,Eurostat proj_19np EUROPOP2023 baseline
CY,2038,1004616,Eurostat proj_19np EUROPOP2023 baseline
CY,2039,1008831,Eurostat proj_19np EUROPOP2023 baseline
CY,2040,1012858,Eurostat proj_19np EUROPOP2023 baseline
CY,2041,1016713,Eurostat proj_19np EUROPOP2023 baseline
CY,2042,1020420,Eurostat proj_19np EUROPOP2023 baseline
CY,2043,1023996,Eurostat proj_19np EUROPOP2023 baseline
CY,2044,1027454,Eurostat proj_19np EUROPOP2023 baseline
CY,2045,1030807,Eurostat proj_19np EUROPOP2023 baseline
CY,2046,1034057,Eurostat proj_19np EUROPOP2023 baseline
CY,2047,1037208,Eurostat proj_19np EUROPOP2023 baseline
CY,2048,1040281,Eurostat proj_19np EUROPOP2023 baseline
CY,2049,1043274,Eurostat proj_19np EUROPOP2023 baseline
CY,2050,1046219,Eurostat proj_19np EUROPOP2023 baseline
CZ,2025,10789806,Eurostat proj_19np EUROPOP2023 baseline
CZ,2026,10789112,Eurostat proj_19np EUROPOP2023 baseline
CZ,2027,10785808,Eurostat proj_19np EUROPOP2023 baseline
CZ,2028,10780087,Eurostat proj_19np EUROPOP2023 baseline
CZ,2029,10772121,Eurostat proj_19np EUROPOP2023 baseline
CZ,2030,10762174,Eurostat proj_19np EUROPOP2023 baseline
CZ,2031,10750576,Eurostat proj_19np EUROPOP2023 baseline
CZ,2032,10737639,Eurostat proj_19np EUROPOP2023 baseline
CZ,2033,10723742,Eurostat proj_19np EUROPOP2023 baseline
CZ,2034,10709215,Eurostat proj_19np EUROPOP2023 baseline
CZ,2035,10694436,Eurostat proj_19np EUROPOP2023 baseline
CZ,2036,10679731,Eurostat proj_19np EUROPOP2023 baseline
CZ,2037,10665315,Eurostat proj_19np EUROPOP2023 baseline
CZ,2038,10651410,Eurostat proj_19np EUROPOP2023 baseline
CZ,2039,10638095,Eurostat proj_19np EUROPOP2023 baseline
CZ,2040,10625402,Eurostat proj_19np EUROPOP2023 baseline
CZ,2041,10613339,Eurostat proj_19np EUROPOP2023 baseline
CZ,2042,10601912,Eurostat proj_19np EUROPOP2023 baseline
CZ,2043,10591102,Eurostat proj_19np EUROPOP2023 baseline
CZ,2044,10580909,Eurostat proj_19np EUROPOP2023 baseline
CZ,2045,10571354,Eurostat proj_19np EUROPOP2023 baseline
CZ,2046,10562398,Eurostat proj_19np EUROPOP2023 baseline
CZ,2047,10553936,Eurostat proj_19np EUROPOP2023 baseline
CZ,2048,10545855,Eurostat proj_19np EUROPOP2023 baseline
CZ,2049,10538037,Eurostat proj_19np EUROPOP2023 baseline
CZ,2050,10530251,Eurostat proj_19np EUROPOP2023 baseline
DE,2025,83482307,Eurostat proj_19np EUROPOP2023 baseline
DE,2026,83491788,Eurostat proj_19np EUROPOP2023 baseline
DE,2027,83492736,Eurostat proj_19np EUROPOP2023 baseline
DE,2028,83486002,Eurostat proj_19np EUROPOP2023 baseline
DE,2029,83472624,Eurostat proj_19np EUROPOP2023 baseline
DE,2030,83453697,Eurostat proj_19np EUROPOP2023 baseline
DE,2031,83430460,Eurostat proj_19np EUROPOP2023 baseline
DE,2032,83404200,Eurostat proj_19np EUROPOP2023 baseline
DE,2033,83376144,Eurostat proj_19np EUROPOP2023 baseline
DE,2034,83347380,Eurostat proj_19np EUROPOP2023 baseline
DE,2035,83318670,Eurostat proj_19np EUROPOP2023 baseline
DE,2036,83290535,Eurostat proj_19np EUROPOP2023 baseline
DE,2037,83263006,Eurostat proj_19np EUROPOP2023 baseline
DE,2038,83235645,Eurostat proj_19np EUROPOP2023 baseline
DE,2039,83207734,Eurostat proj_19np EUROPOP2023 baseline
DE,2040,83178426,Eurostat proj_19np EUROPOP2023 baseline
DE,2041,83146770,Eurostat proj_19np EUROPOP2023 baseline
DE,2042,83112056,Eurostat proj_19np EUROPOP2023 baseline
DE,2043,83073641,Eurostat proj_19np EUROPOP2023 baseline
DE,2044,83030889,Eurostat proj_19np EUROPOP2023 baseline
DE,2045,82983422,Eurostat proj_19np EUROPOP2023 baseline
DE,2046,82931101,Eurostat proj_19np EUROPOP2023 baseline
DE,2047,82873582,Eurostat proj_19np EUROPOP2023 baseline
DE,2048,82810765,Eurostat proj_19np EUROPOP2023 baseline
DE,2049,82742757,Eurostat proj_19np EUROPOP2023 baseline
DE,2050,82669724,Eurostat proj_19np EUROPOP2023 baseline
DK,2025,5884275,Eurostat proj_19np EUROPOP2023 baseline
DK,2026,5901887,Eurostat proj_19np EUROPOP2023 baseline
DK,2027,5918719,Eurostat proj_19np EUROPOP2023 baseline
DK,2028,5934660,Eurostat proj_19np EUROPOP2023 baseline
DK,2029,5949642,Eurostat proj_19np EUROPOP2023 baseline
DK,2030,5963578,Eurostat proj_19np EUROPOP2023 baseline
DK,2031,5976484,Eurostat proj_19np EUROPOP2023 baseline
DK,2032,5988405,Eurostat proj_19np EUROPOP2023 baseline
DK,2033,5999379,Eurostat proj_19np EUROPOP2023 baseline
DK,2034,6009509,Eurostat proj_19np EUROPOP2023 baseline
DK,2035,6018816,Eurostat proj_19np EUROPOP2023 baseline
DK,2036,6027395,Eurostat proj_19np EUROPOP2023 baseline
DK,2037,6035318,Eurostat proj_19np EUROPOP2023 baseline
DK,2038,6042605,Eurostat proj_19np EUROPOP2023 baseline
DK,2039,6049319,Eurostat proj_19np EUROPOP2023 baseline
DK,2040,6055503,Eurostat proj_19np EUROPOP2023 baseline
DK,2041,6061205,Eurostat proj_19np EUROPOP2023 baseline
DK,2042,6066460,Eurostat proj_19np EUROPOP2023 baseline
DK,2043,6071302,Eurostat proj_19np EUROPOP2023 baseline
DK,2044,6075826,Eurostat proj_19np EUROPOP2023 baseline
DK,2045,6080087,Eurostat proj_19np EUROPOP2023 baseline
DK,2046,6084096,Eurostat proj_19np EUROPOP2023 baseline
DK,2047,6087897,Eurostat proj_19np EUROPOP2023 baseline
DK,2048,6091505,Eurostat proj_19np EUROPOP2023 baseline
DK,2049,6094933,Eurostat proj_19np EUROPOP2023 baseline
DK,2050,6098190,Eurostat proj_19np EUROPOP2023 baseline
EE,2025,1322440,Eurostat proj_19np EUROPOP2023 baseline
EE,2026,1319834,Eurostat proj_19np EUROPOP2023 baseline
EE,2027,1317102,Eurostat proj_19np EUROPOP2023 baseline
EE,2028,1314274,Eurostat proj_19np EUROPOP2023 baseline
EE,2029,1311370,Eurostat proj_19np EUROPOP2023 baseline
EE,2030,1308435,Eurostat proj_19np EUROPOP2023 baseline
EE,2031,1305476,Eurostat proj_19np EUROPOP2023 baseline
EE,2032,1302547,Eurostat proj_19np EUROPOP2023 baseline
EE,2033,1299644,Eurostat proj_19np EUROPOP2023 baseline
EE,2034,1296804,Eurostat proj_19np EUROPOP2023 baseline
EE,2035,1294043,Eurostat proj_19np EUROPOP2023 baseline
EE,2036,1291386,Eurostat proj_19np EUROPOP2023 baseline
EE,2037,1288814,Eurostat proj_19np EUROPOP2023 baseline
EE,2038,1286340,Eurostat proj_19np EUROPOP2023 baseline
EE,2039,1283918,Eurostat proj_19np EUROPOP2023 baseline
EE,2040,1281555,Eurostat proj_19np EUROPOP2023 baseline
EE,2041,1279213,Eurostat proj_19np EUROPOP2023 baseline
EE,2042,1276862,Eurostat proj_19np EUROPOP2023 baseline
EE,2043,1274500,Eurostat proj_19np EUROPOP2023 baseline
EE,2044,1272095,Eurostat proj_19np EUROPOP2023 baseline
EE,2045,1269633,Eurostat proj_19np EUROPOP2023 baseline
EE,2046,1267111,Eurostat proj_19np EUROPOP2023 baseline
EE,2047,1264506,Eurostat proj_19np EUROPOP2023 baseline
EE,2048,1261825,Eurostat proj_19np EUROPOP2023 baseline
EE,2049,1259071,Eurostat proj_19np EUROPOP2023 baseline
EE,2050,1256223,Eurostat proj_19np EUROPOP2023 baseline
EL,2025,10510196,Eurostat proj_19np EUROPOP2023 baseline
EL,2026,10468367,Eurostat proj_19np EUROPOP2023 baseline
EL,2027,10426627,Eurostat proj_19np EUROPOP2023 baseline
EL,2028,10385130,Eurostat proj_19np EUROPOP2023 baseline
EL,2029,10343958,Eurostat proj_19np EUROPOP2023 baseline
EL,2030,10303200,Eurostat proj_19np EUROPOP2023 baseline
EL,2031,10262827,Eurostat proj_19np EUROPOP2023 baseline
EL,2032,10222834,Eurostat proj_19np EUROPOP2023 baseline
EL,2033,10183181,Eurostat proj_19np EUROPOP2023 baseline
EL,2034,10143784,Eurostat proj_19np EUROPOP2023 baseline
EL,2035,10104622,Eurostat proj_19np EUROPOP2023 baseline
EL,2036,10065636,Eurostat proj_19np EUROPOP2023 baseline
EL,2037,10026801,Eurostat proj_19np EUROPOP2023 baseline
EL,2038,9988088,Eurostat proj_19np EUROPOP2023 baseline
EL,2039,9949442,Eurostat proj_19np EUROPOP2023 baseline
EL,2040,9910798,Eurostat proj_19np EUROPOP2023 baseline
EL,2041,9872052,Eurostat proj_19np EUROPOP2023 baseline
EL,2042,9833100,Eurostat proj_19np EUROPOP2023 baseline
EL,2043,9793822,Eurostat proj_19np EUROPOP2023 baseline
EL,2044,9754101,Eurostat proj_19np EUROPOP2023 baseline
EL,2045,9713851,Eurostat proj_19np EUROPOP2023 baseline
EL,2046,9672976,Eurostat proj_19np EUROPOP2023 baseline
EL,2047,9631490,Eurostat proj_19np EUROPOP2023 baseline
EL,2048,9589378,Eurostat proj_19np EUROPOP2023 baseline
EL,2049,9546591,Eurostat proj_19np EUROPOP2023 baseline
EL,2050,9503127,Eurostat proj_19np EUROPOP2023 baseline
ES,2025,48310619,Eurostat proj_19np EUROPOP2023 baseline
ES,2026,48404190,Eurostat proj_19np EUROPOP2023 baseline
ES,2027,48494124,Eurostat proj_19np EUROPOP2023 baseline
ES,2028,48580964,Eurostat proj_19np EUROPOP2023 baseline
ES,2029,48665002,Eurostat proj_19np EUROPOP2023 baseline
ES,2030,48746399,Eurostat proj_19np EUROPOP2023 baseline
ES,2031,48825162,Eurostat proj_19np EUROPOP2023 baseline
ES,2032,48901199,Eurostat proj_19np EUROPOP2023 baseline
ES,2033,48974332,Eurostat proj_19np EUROPOP2023 baseline
ES,2034,49044321,Eurostat proj_19np EUROPOP2023 baseline
ES,2035,49110869,Eurostat proj_19np EUROPOP2023 baseline
ES,2036,49173584,Eurostat proj_19np EUROPOP2023 baseline
ES,2037,49232068,Eurostat proj_19np EUROPOP2023 baseline
ES,2038,49285874,Eurostat proj_19np EUROPOP2023 baseline
ES,2039,49334429,Eurostat proj_19np EUROPOP2023 baseline
ES,2040,49377094,Eurostat proj_19np EUROPOP2023 baseline
ES,2041,49413167,Eurostat proj_19np EUROPOP2023 baseline
ES,2042,49442160,Eurostat proj_19np EUROPOP2023 baseline
ES,2043,49463378,Eurostat proj_19np EUROPOP2023 baseline
ES,2044,49476127,Eurostat proj_19np EUROPOP2023 baseline
ES,2045,49479880,Eurostat proj_19np EUROPOP2023 baseline
ES,2046,49474111,Eurostat proj_19np EUROPOP2023 baseline
ES,2047,49458400,Eurostat proj_19np EUROPOP2023 baseline
ES,2048,49432347,Eurostat proj_19np EUROPOP2023 baseline
ES,2049,49395725,Eurostat proj_19np EUROPOP2023 baseline
ES,2050,49348530,Eurostat proj_19np EUROPOP2023 baseline
FI,2025,5537441,Eurostat proj_19np EUROPOP2023 baseline
FI,2026,5535363,Eurostat proj_19np EUROPOP2023 baseline
FI,2027,5532540,Eurostat proj_19np EUROPOP2023 baseline
FI,2028,5528949,Eurostat proj_19np EUROPOP2023 baseline
FI,2029,5524542,Eurostat proj_19np EUROPOP2023 baseline
FI,2030,5519298,Eurostat proj_19np EUROPOP2023 baseline
FI,2031,5513223,Eurostat proj_19np EUROPOP2023 baseline
FI,2032,5506328,Eurostat proj_19np EUROPOP2023 baseline
FI,2033,5498632,Eurostat proj_19np EUROPOP2023 baseline
FI,2034,5490167,Eurostat proj_19np EUROPOP2023 baseline
FI,2035,5480971,Eurostat proj_19np EUROPOP2023 baseline
FI,2036,5471114,Eurostat proj_19np EUROPOP2023 baseline
FI,2037,5460644,Eurostat proj_19np EUROPOP2023 baseline
FI,2038,5449626,Eurostat proj_19np EUROPOP2023 baseline
FI,2039,5438104,Eurostat proj_19np EUROPOP2023 baseline
FI,2040,5426143,Eurostat proj_19np EUROPOP2023 baseline
FI,2041,5413787,Eurostat proj_19np EUROPOP2023 baseline
FI,2042,5401065,Eurostat proj_19np EUROPOP2023 baseline
FI,2043,5388059,Eurostat proj_19np EUROPOP2023 baseline
FI,2044,5374763,Eurostat proj_19np EUROPOP2023 baseline
FI,2045,5361229,Eurostat proj_19np EUROPOP2023 baseline
FI,2046,5347444,Eurostat proj_19np EUROPOP2023 baseline
FI,2047,5333481,Eurostat proj_19np EUROPOP2023 baseline
FI,2048,5319351,Eurostat proj_19np EUROPOP2023 baseline
FI,2049,5305076,Eurostat proj_19np EUROPOP2023 baseline
FI,2050,5290709,Eurostat proj_19np EUROPOP2023 baseline
FR,2025,68036808,Eurostat proj_19np EUROPOP2023 baseline
FR,2026,68189108,Eurostat proj_19np EUROPOP2023 baseline
FR,2027,68335925,Eurostat proj_19np EUROPOP2023 baseline
FR,2028,68477954,Eurostat proj_19np EUROPOP2023 baseline
FR,2029,68615684,Eurostat proj_19np EUROPOP2023 baseline
FR,2030,68749400,Eurostat proj_19np EUROPOP2023 baseline
FR,2031,68879194,Eurostat proj_19np EUROPOP2023 baseline
FR,2032,69004981,Eurostat proj_19np EUROPOP2023 baseline
FR,2033,69126434,Eurostat proj_19np EUROPOP2023 baseline
FR,2034,69243089,Eurostat proj_19np EUROPOP2023 baseline
FR,2035,69354321,Eurostat proj_19np EUROPOP2023 baseline
FR,2036,69459440,Eurostat proj_19np EUROPOP2023 baseline
FR,2037,69557590,Eurostat proj_19np EUROPOP2023 baseline
FR,2038,69647993,Eurostat proj_19np EUROPOP2023 baseline
FR,2039,69729806,Eurostat proj_19np EUROPOP2023 baseline
FR,2040,69802409,Eurostat proj_19np EUROPOP2023 baseline
FR,2041,69865298,Eurostat proj_19np EUROPOP2023 baseline
FR,2042,69918087,Eurostat proj_19np EUROPOP2023 baseline
FR,2043,69960556,Eurostat proj_19np EUROPOP2023 baseline
FR,2044,69992967,Eurostat proj_19np EUROPOP2023 baseline
FR,2045,70015780,Eurostat proj_19np EUROPOP2023 baseline
FR,2046,70029607,Eurostat proj_19np EUROPOP2023 baseline
FR,2047,70035051,Eurostat proj_19np EUROPOP2023 baseline
FR,2048,70033175,Eurostat proj_19np EUROPOP2023 baseline
FR,2049,70024900,Eurostat proj_19np EUROPOP2023 baseline
FR,2050,70010903,Eurostat proj_19np EUROPOP2023 baseline
HR,2025,3936509,Eurostat proj_19np EUROPOP2023 baseline
HR,2026,3914549,Eurostat proj_19np EUROPOP2023 baseline
HR,2027,3892742,Eurostat proj_19np EUROPOP2023 baseline
HR,2028,3871071,Eurostat proj_19np EUROPOP2023 baseline
HR,2029,3849534,Eurostat proj_19np EUROPOP2023 baseline
HR,2030,3828089,Eurostat proj_19np EUROPOP2023 baseline
HR,2031,3806697,Eurostat proj_19np EUROPOP2023 baseline
HR,2032,3785328,Eurostat proj_19np EUROPOP2023 baseline
HR,2033,3763939,Eurostat proj_19np EUROPOP2023 baseline
HR,2034,3742515,Eurostat proj_19np EUROPOP2023 baseline
HR,2035,3721032,Eurostat proj_19np EUROPOP2023 baseline
HR,2036,3699477,Eurostat proj_19np EUROPOP2023 baseline
HR,2037,3677860,Eurostat proj_19np EUROPOP2023 baseline
HR,2038,3656152,Eurostat proj_19np EUROPOP2023 baseline
HR,2039,3634362,Eurostat proj_19np EUROPOP2023 baseline
HR,2040,3612487,Eurostat proj_19np EUROPOP2023 baseline
HR,2041,3590535,Eurostat proj_19np EUROPOP2023 baseline
HR,2042,3568488,Eurostat proj_19np EUROPOP2023 baseline
HR,2043,3546385,Eurostat proj_19np EUROPOP2023 baseline
HR,2044,3524245,Eurostat proj_19np EUROPOP2023 baseline
HR,2045,3502067,Eurostat proj_19np EUROPOP2023 baseline
HR,2046,3479928,Eurostat proj_19np EUROPOP2023 baseline
HR,2047,3457866,Eurostat proj_19np EUROPOP2023 baseline
HR,2048,3435918,Eurostat proj_19np EUROPOP2023 baseline
HR,2049,3414127,Eurostat proj_19np EUROPOP2023 baseline
HR,2050,3392559,Eurostat proj_19np EUROPOP2023 baseline
HU,2025,9697220,Eurostat proj_19np EUROPOP2023 baseline
HU,2026,9681703,Eurostat proj_19np EUROPOP2023 baseline
HU,2027,9666323,Eurostat proj_19np EUROPOP2023 baseline
HU,2028,9650842,Eurostat proj_19np EUROPOP2023 baseline
HU,2029,9635103,Eurostat proj_19np EUROPOP2023 baseline
HU,2030,9619020,Eurostat proj_19np EUROPOP2023 baseline
HU,2031,9602533,Eurostat proj_19np EUROPOP2023 baseline
HU,2032,9585638,Eurostat proj_19np EUROPOP2023 baseline
HU,2033,9568349,Eurostat proj_19np EUROPOP2023 baseline
HU,2034,9550738,Eurostat proj_19np EUROPOP2023 baseline
HU,2035,9532830,Eurostat proj_19np EUROPOP2023 baseline
HU,2036,9514726,Eurostat proj_19np EUROPOP2023 baseline
HU,2037,9496464,Eurostat proj_19np EUROPOP2023 baseline
HU,2038,9478090,Eurostat proj_19np EUROPOP2023 baseline
HU,2039,9459626,Eurostat proj_19np EUROPOP2023 baseline
HU,2040,9441139,Eurostat proj_19np EUROPOP2023 baseline
HU,2041,9422683,Eurostat proj_19np EUROPOP2023 baseline
HU,2042,9404321,Eurostat proj_19np EUROPOP2023 baseline
HU,2043,9386159,Eurostat proj_19np EUROPOP2023 baseline
HU,2044,9368283,Eurostat proj_19np EUROPOP2023 baseline
HU,2045,9350754,Eurostat proj_19np EUROPOP2023 baseline
HU,2046,9333691,Eurostat proj_19np EUROPOP2023 baseline
HU,2047,9317114,Eurostat proj_19np EUROPOP2023 baseline
HU,2048,9301058,Eurostat proj_19np EUROPOP2023 baseline
HU,2049,9285485,Eurostat proj_19np EUROPOP2023 baseline
HU,2050,9270352,Eurostat proj_19np EUROPOP2023 baseline
IE,2025,5272930,Eurostat proj_19np EUROPOP2023 baseline
IE,2026,5321303,Eurostat proj_19np EUROPOP2023 baseline
IE,2027,5368535,Eurostat proj_19np EUROPOP2023 baseline
IE,2028,5414726,Eurostat proj_19np EUROPOP2023 baseline
IE,2029,5459990,Eurostat proj_19np EUROPOP2023 baseline
IE,2030,5504390,Eurostat proj_19np EUROPOP2023 baseline
IE,2031,5547973,Eurostat proj_19np EUROPOP2023 baseline
IE,2032,5590752,Eurostat proj_19np EUROPOP2023 baseline
IE,2033,5632753,Eurostat proj_19np EUROPOP2023 baseline
IE,2034,5673959,Eurostat proj_19np EUROPOP2023 baseline
IE,2035,5714371,Eurostat proj_19np EUROPOP2023 baseline
IE,2036,5753986,Eurostat proj_19np EUROPOP2023 baseline
IE,2037,5792809,Eurostat proj_19np EUROPOP2023 baseline
IE,2038,5830847,Eurostat proj_19np EUROPOP2023 baseline
IE,2039,5868093,Eurostat proj_19np EUROPOP2023 baseline
IE,2040,5904540,Eurostat proj_19np EUROPOP2023 baseline
IE,2041,5940169,Eurostat proj_19np EUROPOP2023 baseline
IE,2042,5974954,Eurostat proj_19np EUROPOP2023 baseline
IE,2043,6008818,Eurostat proj_19np EUROPOP2023 baseline
IE,2044,6041673,Eurostat proj_19np EUROPOP2023 baseline
IE,2045,6073416,Eurostat proj_19np EUROPOP2023 baseline
IE,2046,6103977,Eurostat proj_19np EUROPOP2023 baseline
IE,2047,6133275,Eurostat proj_19np EUROPOP2023 baseline
IE,2048,6161266,Eurostat proj_19np EUROPOP2023 baseline
IE,2049,6187915,Eurostat proj_19np EUROPOP2023 baseline
IE,2050,6213191,Eurostat proj_19np EUROPOP2023 baseline
IT,2025,60088529,Eurostat proj_19np EUROPOP2023 baseline
IT,2026,60067445,Eurostat proj_19np EUROPOP2023 baseline
IT,2027,60041929,Eurostat proj_19np EUROPOP2023 baseline
IT,2028,60012403,Eurostat proj_19np EUROPOP2023 baseline
IT,2029,59979183,Eurostat proj_19np EUROPOP2023 baseline
IT,2030,59942512,Eurostat proj_19np EUROPOP2023 baseline
IT,2031,59902540,Eurostat proj_19np EUROPOP2023 baseline
IT,2032,59859412,Eurostat proj_19np EUROPOP2023 baseline
IT,2033,59813050,Eurostat proj_19np EUROPOP2023 baseline
IT,2034,59763323,Eurostat proj_19np EUROPOP2023 baseline
IT,2035,59709982,Eurostat proj_19np EUROPOP2023 baseline
IT,2036,59652738,Eurostat proj_19np EUROPOP2023 baseline
IT,2037,59591199,Eurostat proj_19np EUROPOP2023 baseline
IT,2038,59524785,Eurostat proj_19np EUROPOP2023 baseline
IT,2039,59452921,Eurostat proj_19np EUROPOP2023 baseline
IT,2040,59375006,Eurostat proj_19np EUROPOP2023 baseline
IT,2041,59290398,Eurostat proj_19np EUROPOP2023 baseline
IT,2042,59198413,Eurostat proj_19np EUROPOP2023 baseline
IT,2043,59098273,Eurostat proj_19np EUROPOP2023 baseline
IT,2044,58989290,Eurostat proj_19np EUROPOP2023 baseline
IT,2045,58870898,Eurostat proj_19np EUROPOP2023 baseline
IT,2046,58742580,Eurostat proj_19np EUROPOP2023 baseline
IT,2047,58603837,Eurostat proj_19np EUROPOP2023 baseline
IT,2048,58454691,Eurostat proj_19np EUROPOP2023 baseline
IT,2049,58295056,Eurostat proj_19np EUROPOP2023 baseline
IT,2050,58125032,Eurostat proj_19np EUROPOP2023 baseline
LT,2025,2707915,Eurostat proj_19np EUROPOP2023 baseline
LT,2026,2680733,Eurostat proj_19np EUROPOP2023 baseline
LT,2027,2653915,Eurostat proj_19np EUROPOP2023 baseline
LT,2028,2627448,Eurostat proj_19np EUROPOP2023 baseline
LT,2029,2601326,Eurostat proj_19np EUROPOP2023 baseline
LT,2030,2575553,Eurostat proj_19np EUROPOP2023 baseline
LT,2031,2550133,Eurostat proj_19np EUROPOP2023 baseline
LT,2032,2525085,Eurostat proj_19np EUROPOP2023 baseline
LT,2033,2500424,Eurostat proj_19np EUROPOP2023 baseline
LT,2034,2476160,Eurostat proj_19np EUROPOP2023 baseline
LT,2035,2452313,Eurostat proj_19np EUROPOP2023 baseline
LT,2036,2428903,Eurostat proj_19np EUROPOP2023 baseline
LT,2037,2405948,Eurostat proj_19np EUROPOP2023 baseline
LT,2038,2383446,Eurostat proj_19np EUROPOP2023 baseline
LT,2039,2361361,Eurostat proj_19np EUROPOP2023 baseline
LT,2040,2339698,Eurostat proj_19np EUROPOP2023 baseline
LT,2041,2318379,Eurostat proj_19np EUROPOP2023 baseline
LT,2042,2297399,Eurostat proj_19np EUROPOP2023 baseline
LT,2043,2276721,Eurostat proj_19np EUROPOP2023 baseline
LT,2044,2256310,Eurostat proj_19np EUROPOP2023 baseline
LT,2045,2236142,Eurostat proj_19np EUROPOP2023 baseline
LT,2046,2216156,Eurostat proj_19np EUROPOP2023 baseline
LT,2047,2196353,Eurostat proj_19np EUROPOP2023 baseline
LT,2048,2176715,Eurostat proj_19np EUROPOP2023 baseline
LT,2049,2157246,Eurostat proj_19np EUROPOP2023 baseline
LT,2050,2137939,Eurostat proj_19np EUROPOP2023 baseline
LU,2025,662364,Eurostat proj_19np EUROPOP2023 baseline
LU,2026,668848,Eurostat proj_19np EUROPOP2023 baseline
LU,2027,675126,Eurostat proj_19np EUROPOP2023 baseline
LU,2028,681202,Eurostat proj_19np EUROPOP2023 baseline
LU,2029,687059,Eurostat proj_19np EUROPOP2023 baseline
LU,2030,692722,Eurostat proj_19np EUROPOP2023 baseline
LU,2031,698184,Eurostat proj_19np EUROPOP2023 baseline
LU,2032,703437,Eurostat proj_19np EUROPOP2023 baseline
LU,2033,708511,Eurostat proj_19np EUROPOP2023 baseline
LU,2034,713400,Eurostat proj_19np EUROPOP2023 baseline
LU,2035,718104,Eurostat proj_19np EUROPOP2023 baseline
LU,2036,722633,Eurostat proj_19np EUROPOP2023 baseline
LU,2037,726996,Eurostat proj_19np EUROPOP2023 baseline
LU,2038,731196,Eurostat proj_19np EUROPOP2023 baseline
LU,2039,735248,Eurostat proj_19np EUROPOP2023 baseline
LU,2040,739137,Eurostat proj_19np EUROPOP2023 baseline
LU,2041,742876,Eurostat proj_19np EUROPOP2023 baseline
LU,2042,746466,Eurostat proj_19np EUROPOP2023 baseline
LU,2043,749883,Eurostat proj_19np EUROPOP2023 baseline
LU,2044,753136,Eurostat proj_19np EUROPOP2023 baseline
LU,2045,756215,Eurostat proj_19np EUROPOP2023 baseline
LU,2046,759123,Eurostat proj_19np EUROPOP2023 baseline
LU,2047,761863,Eurostat proj_19np EUROPOP2023 baseline
LU,2048,764427,Eurostat proj_19np EUROPOP2023 baseline
LU,2049,766827,Eurostat proj_19np EUROPOP2023 baseline
LU,2050,769048,Eurostat proj_19np EUROPOP2023 baseline
LV,2025,1815550,Eurostat proj_19np EUROPOP2023 baseline
LV,2026,1794497,Eurostat proj_19np EUROPOP2023 baseline
LV,2027,1773651,Eurostat proj_19np EUROPOP2023 baseline
LV,2028,1753046,Eurostat proj_19np EUROPOP2023 baseline
LV,2029,1732744,Eurostat proj_19np EUROPOP2023 baseline
LV,2030,1712746,Eurostat proj_19np EUROPOP2023 baseline
LV,2031,1693121,Eurostat proj_19np EUROPOP2023 baseline
LV,2032,1673877,Eurostat proj_19np EUROPOP2023 baseline
LV,2033,1655077,Eurostat proj_19np EUROPOP2023 baseline
LV,2034,1636712,Eurostat proj_19np EUROPOP2023 baseline
LV,2035,1618827,Eurostat proj_19np EUROPOP2023 baseline
LV,2036,1601399,Eurostat proj_19np EUROPOP2023 baseline
LV,2037,1584446,Eurostat proj_19np EUROPOP2023 baseline
LV,2038,1567921,Eurostat proj_19np EUROPOP2023 baseline
LV,2039,1551817,Eurostat proj_19np EUROPOP2023 baseline
LV,2040,1536108,Eurostat proj_19np EUROPOP2023 baseline
LV,2041,1520770,Eurostat proj_19np EUROPOP2023 baseline
LV,2042,1505766,Eurostat proj_19np EUROPOP2023 baseline
LV,2043,1491083,Eurostat proj_19np EUROPOP2023 baseline
LV,2044,1476687,Eurostat proj_19np EUROPOP2023 baseline
LV,2045,1462550,Eurostat proj_19np EUROPOP2023 baseline
LV,2046,1448649,Eurostat proj_19np EUROPOP2023 baseline
LV,2047,1434956,Eurostat proj_19np EUROPOP2023 baseline
LV,2048,1421455,Eurostat proj_19np EUROPOP2023 baseline
LV,2049,1408152,Eurostat proj_19np EUROPOP2023 baseline
LV,2050,1395039,Eurostat proj_19np EUROPOP2023 baseline
MT,2025,557426,Eurostat proj_19np EUROPOP2023 baseline
MT,2026,564116,Eurostat proj_19np EUROPOP2023 baseline
MT,2027,570590,Eurostat proj_19np EUROPOP2023 baseline
MT,2028,576854,Eurostat proj_19np EUROPOP2023 baseline
MT,2029,582889,Eurostat proj_19np EUROPOP2023 baseline
MT,2030,588691,Eurostat proj_19np EUROPOP2023 baseline
MT,2031,594247,Eurostat proj_19np EUROPOP2023 baseline
MT,2032,599571,Eurostat proj_19np EUROPOP2023 baseline
MT,2033,604676,Eurostat proj_19np EUROPOP2023 baseline
MT,2034,609554,Eurostat proj_19np EUROPOP2023 baseline
MT,2035,614214,Eurostat proj_19np EUROPOP2023 baseline
MT,2036,618690,Eurostat proj_19np EUROPOP2023 baseline
MT,2037,622970,Eurostat proj_19np EUROPOP2023 baseline
MT,2038,627091,Eurostat proj_19np EUROPOP2023 baseline
MT,2039,631071,Eurostat proj_19np EUROPOP2023 baseline
MT,2040,634910,Eurostat proj_19np EUROPOP2023 baseline
MT,2041,638639,Eurostat proj_19np EUROPOP2023 baseline
MT,2042,642260,Eurostat proj_19np EUROPOP2023 baseline
MT,2043,645791,Eurostat proj_19np EUROPOP2023 baseline
MT,2044,649235,Eurostat proj_19np EUROPOP2023 baseline
MT,2045,652604,Eurostat proj_19np EUROPOP2023 baseline
MT,2046,655895,Eurostat proj_19np EUROPOP2023 baseline
MT,2047,659126,Eurostat proj_19np EUROPOP2023 baseline
MT,2048,662272,Eurostat proj_19np EUROPOP2023 baseline
MT,2049,665356,Eurostat proj_19np EUROPOP2023 baseline
MT,2050,668373,Eurostat proj_19np EUROPOP2023 baseline
NL,2025,17751055,Eurostat proj_19np EUROPOP2023 baseline
NL,2026,17798876,Eurostat proj_19np EUROPOP2023 baseline
NL,2027,17844912,Eurostat proj_19np EUROPOP2023 baseline
NL,2028,17888927,Eurostat proj_19np EUROPOP2023 baseline
NL,2029,17930682,Eurostat proj_19np EUROPOP2023 baseline
NL,2030,17969884,Eurostat proj_19np EUROPOP2023 baseline
NL,2031,18006284,Eurostat proj_19np EUROPOP2023 baseline
NL,2032,18039620,Eurostat proj_19np EUROPOP2023 baseline
NL,2033,18069691,Eurostat proj_19np EUROPOP2023 baseline
NL,2034,18096355,Eurostat proj_19np EUROPOP2023 baseline
NL,2035,18119551,Eurostat proj_19np EUROPOP2023 baseline
NL,2036,18139255,Eurostat proj_19np EUROPOP2023 baseline
NL,2037,18155565,Eurostat proj_19np EUROPOP2023 baseline
NL,2038,18168629,Eurostat proj_19np EUROPOP2023 baseline
NL,2039,18178642,Eurostat proj_19np EUROPOP2023 baseline
NL,2040,18185792,Eurostat proj_19np EUROPOP2023 baseline
NL,2041,18190325,Eurostat proj_19np EUROPOP2023 baseline
NL,2042,18192388,Eurostat proj_19np EUROPOP2023 baseline
NL,2043,18192197,Eurostat proj_19np EUROPOP2023 baseline
NL,2044,18189937,Eurostat proj_19np EUROPOP2023 baseline
NL,2045,18185796,Eurostat proj_19np EUROPOP2023 baseline
NL,2046,18179927,Eurostat proj_19np EUROPOP2023 baseline
NL,2047,18172456,Eurostat proj_19np EUROPOP2023 baseline
NL,2048,18163586,Eurostat proj_19np EUROPOP2023 baseline
NL,2049,18153491,Eurostat proj_19np EUROPOP2023 baseline
NL,2050,18142292,Eurostat proj_19np EUROPOP2023 baseline
PL,2025,37567248,Eurostat proj_19np EUROPOP2023 baseline
PL,2026,37468468,Eurostat proj_19np EUROPOP2023 baseline
PL,2027,37363660,Eurostat proj_19np EUROPOP2023 baseline
PL,2028,37253384,Eurostat proj_19np EUROPOP2023 baseline
PL,2029,37138142,Eurostat proj_19np EUROPOP2023 baseline
PL,2030,37018453,Eurostat proj_19np EUROPOP2023 baseline
PL,2031,36894782,Eurostat proj_19np EUROPOP2023 baseline
PL,2032,36767579,Eurostat proj_19np EUROPOP2023 baseline
PL,2033,36637356,Eurostat proj_19np EUROPOP2023 baseline
PL,2034,36504482,Eurostat proj_19np EUROPOP2023 baseline
PL,2035,36369328,Eurostat proj_19np EUROPOP2023 baseline
PL,2036,36232072,Eurostat proj_19np EUROPOP2023 baseline
PL,2037,36092814,Eurostat proj_19np EUROPOP2023 baseline
PL,2038,35951442,Eurostat proj_19np EUROPOP2023 baseline
PL,2039,35807781,Eurostat proj_19np EUROPOP2023 baseline
PL,2040,35661656,Eurostat proj_19np EUROPOP2023 baseline
PL,2041,35513026,Eurostat proj_19np EUROPOP2023 baseline
PL,2042,35362014,Eurostat proj_19np EUROPOP2023 baseline
PL,2043,35208863,Eurostat proj_19np EUROPOP2023 baseline
PL,2044,35053862,Eurostat proj_19np EUROPOP2023 baseline
PL,2045,34897373,Eurostat proj_19np EUROPOP2023 baseline
PL,2046,34739682,Eurostat proj_19np EUROPOP2023 baseline
PL,2047,34581086,Eurostat proj_19np EUROPOP2023 baseline
PL,2048,34421812,Eurostat proj_19np EUROPOP2023 baseline
PL,2049,34262103,Eurostat proj_19np EUROPOP2023 baseline
PL,2050,34102204,Eurostat proj_19np EUROPOP2023 baseline
PT,2025,10220601,Eurostat proj_19np EUROPOP2023 baseline
PT,2026,10194978,Eurostat proj_19np EUROPOP2023 baseline
PT,2027,10168920,Eurostat proj_19np EUROPOP2023 baseline
PT,2028,10142554,Eurostat proj_19np EUROPOP2023 baseline
PT,2029,10115958,Eurostat proj_19np EUROPOP2023 baseline
PT,2030,10089138,Eurostat proj_19np EUROPOP2023 baseline
PT,2031,10062061,Eurostat proj_19np EUROPOP2023 baseline
PT,2032,10034650,Eurostat proj_19np EUROPOP2023 baseline
PT,2033,10006759,Eurostat proj_19np EUROPOP2023 baseline
PT,2034,9978257,Eurostat proj_19np EUROPOP2023 baseline
PT,2035,9948994,Eurostat proj_19np EUROPOP2023 baseline
PT,2036,9918805,Eurostat proj_19np EUROPOP2023 baseline
PT,2037,9887559,Eurostat proj_19np EUROPOP2023 baseline
PT,2038,9855159,Eurostat proj_19np EUROPOP2023 baseline
PT,2039,9821539,Eurostat proj_19np EUROPOP2023 baseline
PT,2040,9786632,Eurostat proj_19np EUROPOP2023 baseline
PT,2041,9750454,Eurostat proj_19np EUROPOP2023 baseline
PT,2042,9712978,Eurostat proj_19np EUROPOP2023 baseline
PT,2043,9674242,Eurostat proj_19np EUROPOP2023 baseline
PT,2044,9634307,Eurostat proj_19np EUROPOP2023 baseline
PT,2045,9593258,Eurostat proj_19np EUROPOP2023 baseline
PT,2046,9551253,Eurostat proj_19np EUROPOP2023 baseline
PT,2047,9508376,Eurostat proj_19np EUROPOP2023 baseline
PT,2048,9464706,Eurostat proj_19np EUROPOP2023 baseline
PT,2049,9420330,Eurostat proj_19np EUROPOP2023 baseline
PT,2050,9375347,Eurostat proj_19np EUROPOP2023 baseline
RO,2025,18507547,Eurostat proj_19np EUROPOP2023 baseline
RO,2026,18362577,Eurostat proj_19np EUROPOP2023 baseline
RO,2027,18220161,Eurostat proj_19np EUROPOP2023 baseline
RO,2028,18080284,Eurostat proj_19np EUROPOP2023 baseline
RO,2029,17942892,Eurostat proj_19np EUROPOP2023 baseline
RO,2030,17808000,Eurostat proj_19np EUROPOP2023 baseline
RO,2031,17675624,Eurostat proj_19np EUROPOP2023 baseline
RO,2032,17545767,Eurostat proj_19np EUROPOP2023 baseline
RO,2033,17418138,Eurostat proj_19np EUROPOP2023 baseline
RO,2034,17292675,Eurostat proj_19np EUROPOP2023 baseline
RO,2035,17169288,Eurostat proj_19np EUROPOP2023 baseline
RO,2036,17047750,Eurostat proj_19np EUROPOP2023 baseline
RO,2037,16927790,Eurostat proj_19np EUROPOP2023 baseline
RO,2038,16809273,Eurostat proj_19np EUROPOP2023 baseline
RO,2039,16692093,Eurostat proj_19np EUROPOP2023 baseline
RO,2040,16576187,Eurostat proj_19np EUROPOP2023 baseline
RO,2041,16461644,Eurostat proj_19np EUROPOP2023 baseline
RO,2042,16348548,Eurostat proj_19np EUROPOP2023 baseline
RO,2043,16237022,Eurostat proj_19np EUROPOP2023 baseline
RO,2044,16127127,Eurostat proj_19np EUROPOP2023 baseline
RO,2045,16018918,Eurostat proj_19np EUROPOP2023 baseline
RO,2046,15912440,Eurostat proj_19np EUROPOP2023 baseline
RO,2047,15807668,Eurostat proj_19np EUROPOP2023 baseline
RO,2048,15704548,Eurostat proj_19np EUROPOP2023 baseline
RO,2049,15603000,Eurostat proj_19np EUROPOP2023 baseline
RO,2050,15502837,Eurostat proj_19np EUROPOP2023 baseline
SE,2025,10746886,Eurostat proj_19np EUROPOP2023 baseline
SE,2026,10821519,Eurostat proj_19np EUROPOP2023 baseline
SE,2027,10894124,Eurostat proj_19np EUROPOP2023 baseline
SE,2028,10964569,Eurostat proj_19np EUROPOP2023 baseline
SE,2029,11032849,Eurostat proj_19np EUROPOP2023 baseline
SE,2030,11099033,Eurostat proj_19np EUROPOP2023 baseline
SE,2031,11163285,Eurostat proj_19np EUROPOP2023 baseline
SE,2032,11225799,Eurostat proj_19np EUROPOP2023 baseline
SE,2033,11286807,Eurostat proj_19np EUROPOP2023 baseline
SE,2034,11346594,Eurostat proj_19np EUROPOP2023 baseline
SE,2035,11405423,Eurostat proj_19np EUROPOP2023 baseline
SE,2036,11463579,Eurostat proj_19np EUROPOP2023 baseline
SE,2037,11521289,Eurostat proj_19np EUROPOP2023 baseline
SE,2038,11578727,Eurostat proj_19np EUROPOP2023 baseline
SE,2039,11636049,Eurostat proj_19np EUROPOP2023 baseline
SE,2040,11693373,Eurostat proj_19np EUROPOP2023 baseline
SE,2041,11750714,Eurostat proj_19np EUROPOP2023 baseline
SE,2042,11808071,Eurostat proj_19np EUROPOP2023 baseline
SE,2043,11865362,Eurostat proj_19np EUROPOP2023 baseline
SE,2044,11922497,Eurostat proj_19np EUROPOP2023 baseline
SE,2045,11979369,Eurostat proj_19np EUROPOP2023 baseline
SE,2046,12035831,Eurostat proj_19np EUROPOP2023 baseline
SE,2047,12091721,Eurostat proj_19np EUROPOP2023 baseline
SE,2048,12146838,Eurostat proj_19np EUROPOP2023 baseline
SE,2049,12201010,Eurostat proj_19np EUROPOP2023 baseline
SE,2050,12254064,Eurostat proj_19np EUROPOP2023 baseline
SI,2025,2114603,Eurostat proj_19np EUROPOP2023 baseline
SI,2026,2113409,Eurostat proj_19np EUROPOP2023 baseline
SI,2027,2111943,Eurostat proj_19np EUROPOP2023 baseline
SI,2028,2110249,Eurostat proj_19np EUROPOP2023 baseline
SI,2029,2108365,Eurostat proj_19np EUROPOP2023 baseline
SI,2030,2106316,Eurostat proj_19np EUROPOP2023 baseline
SI,2031,2104153,Eurostat proj_19np EUROPOP2023 baseline
SI,2032,2101889,Eurostat proj_19np EUROPOP2023 baseline
SI,2033,2099533,Eurostat proj_19np EUROPOP2023 baseline
SI,2034,2097115,Eurostat proj_19np EUROPOP2023 baseline
SI,2035,2094654,Eurostat proj_19np EUROPOP2023 baseline
SI,2036,2092174,Eurostat proj_19np EUROPOP2023 baseline
SI,2037,2089644,Eurostat proj_19np EUROPOP2023 baseline
SI,2038,2087061,Eurostat proj_19np EUROPOP2023 baseline
SI,2039,2084394,Eurostat proj_19np EUROPOP2023 baseline
SI,2040,2081622,Eurostat proj_19np EUROPOP2023 baseline
SI,2041,2078716,Eurostat proj_19np EUROPOP2023 baseline
SI,2042,2075662,Eurostat proj_19np EUROPOP2023 baseline
SI,2043,2072436,Eurostat proj_19np EUROPOP2023 baseline
SI,2044,2069014,Eurostat proj_19np EUROPOP2023 baseline
SI,2045,2065380,Eurostat proj_19np EUROPOP2023 baseline
SI,2046,2061517,Eurostat proj_19np EUROPOP2023 baseline
SI,2047,2057419,Eurostat proj_19np EUROPOP2023 baseline
SI,2048,2053086,Eurostat proj_19np EUROPOP2023 baseline
SI,2049,2048530,Eurostat proj_19np EUROPOP2023 baseline
SI,2050,2043751,Eurostat proj_19np EUROPOP2023 baseline
SK,2025,5467891,Eurostat proj_19np EUROPOP2023 baseline
SK,2026,5465274,Eurostat proj_19np EUROPOP2023 baseline
SK,2027,5461183,Eurostat proj_19np EUROPOP2023 baseline
SK,2028,5455679,Eurostat proj_19np EUROPOP2023 baseline
SK,2029,5448840,Eurostat proj_19np EUROPOP2023 baseline
SK,2030,5440730,Eurostat proj_19np EUROPOP2023 baseline
SK,2031,5431451,Eurostat proj_19np EUROPOP2023 baseline
SK,2032,5421066,Eurostat proj_19np EUROPOP2023 baseline
SK,2033,5409715,Eurostat proj_19np EUROPOP2023 baseline
SK,2034,5397524,Eurostat proj_19np EUROPOP2023 baseline
SK,2035,5384612,Eurostat proj_19np EUROPOP2023 baseline
SK,2036,5371096,Eurostat proj_19np EUROPOP2023 baseline
SK,2037,5357043,Eurostat proj_19np EUROPOP2023 baseline
SK,2038,5342549,Eurostat proj_19np EUROPOP2023 baseline
SK,2039,5327672,Eurostat proj_19np EUROPOP2023 baseline
SK,2040,5312439,Eurostat proj_19np EUROPOP2023 baseline
SK,2041,5296901,Eurostat proj_19np EUROPOP2023 baseline
SK,2042,5281081,Eurostat proj_19np EUROPOP2023 baseline
SK,2043,5265015,Eurostat proj_19np EUROPOP2023 baseline
SK,2044,5248731,Eurostat proj_19np EUROPOP2023 baseline
SK,2045,5232249,Eurostat proj_19np EUROPOP2023 baseline
SK,2046,5215598,Eurostat proj_19np EUROPOP2023 baseline
SK,2047,5198797,Eurostat proj_19np EUROPOP2023 baseline
SK,2048,5181805,Eurostat proj_19np EUROPOP2023 baseline
SK,2049,5164621,Eurostat proj_19np EUROPOP2023 baseline
SK,2050,5147215,Eurostat proj_19np EUROPOP2023 baseline
CH,2025,9036689,"BFS Schweiz Bevoelkerungsszenarien 2025-2055, Referenzszenario A-00-2025 (Bevoelkerungsstand am 1. Januar)"
CH,2026,9110251,"BFS Schweiz Bevoelkerungsszenarien 2025-2055, Referenzszenario A-00-2025 (Bevoelkerungsstand am 1. Januar)"
CH,2027,9183137,"BFS Schweiz Bevoelkerungsszenarien 2025-2055, Referenzszenario A-00-2025 (Bevoelkerungsstand am 1. Januar)"
CH,2028,9255056,"BFS Schweiz Bevoelkerungsszenarien 2025-2055, Referenzszenario A-00-2025 (Bevoelkerungsstand am 1. Januar)"
CH,2029,9325771,"BFS Schweiz Bevoelkerungsszenarien 2025-2055, Referenzszenario A-00-2025 (Bevoelkerungsstand am 1. Januar)"
CH,2030,9395055,"BFS Schweiz Bevoelkerungsszenarien 2025-2055, Referenzszenario A-00-2025 (Bevoelkerungsstand am 1. Januar)"
CH,2031,9462885,"BFS Schweiz Bevoelkerungsszenarien 2025-2055, Referenzszenario A-00-2025 (Bevoelkerungsstand am 1. Januar)"
CH,2032,9529186,"BFS Schweiz Bevoelkerungsszenarien 2025-2055, Referenzszenario A-00-2025 (Bevoelkerungsstand am 1. Januar)"
CH,2033,9591362,"BFS Schweiz Bevoelkerungsszenarien 2025-2055, Referenzszenario A-00-2025 (Bevoelkerungsstand am 1. Januar)"
CH,2034,9649441,"BFS Schweiz Bevoelkerungsszenarien 2025-2055, Referenzszenario A-00-2025 (Bevoelkerungsstand am 1. Januar)"
CH,2035,9703546,"BFS Schweiz Bevoelkerungsszenarien 2025-2055, Referenzszenario A-00-2025 (Bevoelkerungsstand am 1. Januar)"
CH,2036,9753528,"BFS Schweiz Bevoelkerungsszenarien 2025-2055, Referenzszenario A-00-2025 (Bevoelkerungsstand am 1. Januar)"
CH,2037,9801190,"BFS Schweiz Bevoelkerungsszenarien 2025-2055, Referenzszenario A-00-2025 (Bevoelkerungsstand am 1. Januar)"
CH,2038,9846559,"BFS Schweiz Bevoelkerungsszenarien 2025-2055, Referenzszenario A-00-2025 (Bevoelkerungsstand am 1. Januar)"
CH,2039,9889772,"BFS Schweiz Bevoelkerungsszenarien 2025-2055, Referenzszenario A-00-2025 (Bevoelkerungsstand am 1. Januar)"
CH,2040,9930997,"BFS Schweiz Bevoelkerungsszenarien 2025-2055, Referenzszenario A-00-2025 (Bevoelkerungsstand am 1. Januar)"
CH,2041,9970305,"BFS Schweiz Bevoelkerungsszenarien 2025-2055, Referenzszenario A-00-2025 (Bevoelkerungsstand am 1. Januar)"
CH,2042,10008822,"BFS Schweiz Bevoelkerungsszenarien 2025-2055, Referenzszenario A-00-2025 (Bevoelkerungsstand am 1. Januar)"
CH,2043,10046650,"BFS Schweiz Bevoelkerungsszenarien 2025-2055, Referenzszenario A-00-2025 (Bevoelkerungsstand am 1. Januar)"
CH,2044,10083783,"BFS Schweiz Bevoelkerungsszenarien 2025-2055, Referenzszenario A-00-2025 (Bevoelkerungsstand am 1. Januar)"
CH,2045,10120200,"BFS Schweiz Bevoelkerungsszenarien 2025-2055, Referenzszenario A-00-2025 (Bevoelkerungsstand am 1. Januar)"
CH,2046,10155952,"BFS Schweiz Bevoelkerungsszenarien 2025-2055, Referenzszenario A-00-2025 (Bevoelkerungsstand am 1. Januar)"
CH,2047,10190929,"BFS Schweiz Bevoelkerungsszenarien 2025-2055, Referenzszenario A-00-2025 (Bevoelkerungsstand am 1. Januar)"
CH,2048,10225083,"BFS Schweiz Bevoelkerungsszenarien 2025-2055, Referenzszenario A-00-2025 (Bevoelkerungsstand am 1. Januar)"
CH,2049,10258375,"BFS Schweiz Bevoelkerungsszenarien 2025-2055, Referenzszenario A-00-2025 (Bevoelkerungsstand am 1. Januar)"
CH,2050,10290781,"BFS Schweiz Bevoelkerungsszenarien 2025-2055, Referenzszenario A-00-2025 (Bevoelkerungsstand am 1. Januar)"
UK,2025,69867979,"ONS National Population Projections 2022-based, principal projection (mid-year)"
UK,2026,70414300,"ONS National Population Projections 2022-based, principal projection (mid-year)"
UK,2027,70861913,"ONS National Population Projections 2022-based, principal projection (mid-year)"
UK,2028,71208101,"ONS National Population Projections 2022-based, principal projection (mid-year)"
UK,2029,71547662,"ONS National Population Projections 2022-based, principal projection (mid-year)"
UK,2030,71879988,"ONS National Population Projections 2022-based, principal projection (mid-year)"
UK,2031,72204574,"ONS National Population Projections 2022-based, principal projection (mid-year)"
UK,2032,72521173,"ONS National Population Projections 2022-based, principal projection (mid-year)"
UK,2033,72830021,"ONS National Population Projections 2022-based, principal projection (mid-year)"
UK,2034,73131597,"ONS National Population Projections 2022-based, principal projection (mid-year)"
UK,2035,73426168,"ONS National Population Projections 2022-based, principal projection (mid-year)"
UK,2036,73714089,"ONS National Population Projections 2022-based, principal projection (mid-year)"
UK,2037,73995941,"ONS National Population Projections 2022-based, principal projection (mid-year)"
UK,2038,74272334,"ONS National Population Projections 2022-based, principal projection (mid-year)"
UK,2039,74543738,"ONS National Population Projections 2022-based, principal projection (mid-year)"
UK,2040,74810478,"ONS National Population Projections 2022-based, principal projection (mid-year)"
UK,2041,75072892,"ONS National Population Projections 2022-based, principal projection (mid-year)"
UK,2042,75331209,"ONS National Population Projections 2022-based, principal projection (mid-year)"
UK,2043,75585236,"ONS National Population Projections 2022-based, principal projection (mid-year)"
UK,2044,75834507,"ONS National Population Projections 2022-based, principal projection (mid-year)"
UK,2045,76078686,"ONS National Population Projections 2022-based, principal projection (mid-year)"
UK,2046,76317480,"ONS National Population Projections 2022-based, principal projection (mid-year)"
UK,2047,76550535,"ONS National Population Projections 2022-based, principal projection (mid-year)"
UK,2048,76776460,"ONS National Population Projections 2022-based, principal projection (mid-year)"
UK,2049,76993637,"ONS National Population Projections 2022-based, principal projection (mid-year)"
UK,2050,77201483,"ONS National Population Projections 2022-based, principal projection (mid-year)"
