nuts3,building_class,building_count,total_footprint_m2,total_heated_area_m2,mean_floors,median_height_m,source
SE110,MFH_HIGH,4042,4742502.669781475,28001865.79899844,7.5020039584364175,22.7,EUBUCCO
SE110,MFH_LOW,51441,24558777.53160468,59778966.84368616,2.530048016173869,8.2,EUBUCCO
SE110,NON_RESIDENTIAL,220274,34590811.81086992,0.0,1.3040218092012676,4.7,EUBUCCO
SE110,SFH,376089,38567501.96541117,49906596.79686926,1.4418486049844585,5.9,EUBUCCO
SE121,MFH_HIGH,322,302172.1088930624,1619251.5903998942,6.551552795031055,19.25,EUBUCCO
SE121,MFH_LOW,15793,7010159.835664747,14961405.675455071,2.2614892673969478,8.4,EUBUCCO
SE121,NON_RESIDENTIAL,108149,13895791.71545871,0.0,1.2327363174879102,6.4,EUBUCCO
SE121,SFH,90149,11094075.926060766,14618982.486343382,1.487567249775372,7.4,EUBUCCO
SE122,MFH_HIGH,65,62317.71420665164,339062.6759541408,7.375384615384615,18.4,EUBUCCO
SE122,MFH_LOW,9702,4167949.5395142,9118706.414368719,2.373500309214595,8.2,EUBUCCO
SE122,NON_RESIDENTIAL,125612,16474501.351014044,0.0,1.2613770977295162,6.0,EUBUCCO
SE122,SFH,74489,8858513.537386512,11678425.387018953,1.492315643920579,6.9,EUBUCCO
SE123,MFH_HIGH,289,234682.69802482316,1350377.1245381131,6.987543252595156,21.4,EUBUCCO
SE123,MFH_LOW,11768,5435567.850515558,11832536.053714212,2.33662474507138,8.3,EUBUCCO
SE123,NON_RESIDENTIAL,256235,30945537.667903807,0.0,1.2291751712295353,4.8,EUBUCCO
SE123,SFH,94403,11526991.092128059,14202589.6056307,1.420666716100124,6.5,EUBUCCO
SE124,MFH_HIGH,122,84741.50254800824,432354.5423260399,6.0704918032786885,17.15,EUBUCCO
SE124,MFH_LOW,7896,3216225.526524876,6977178.152975653,2.3343465045592704,8.3,EUBUCCO
SE124,NON_RESIDENTIAL,184535,21716696.38655679,0.0,1.225131275909719,5.0,EUBUCCO
SE124,SFH,72153,8534400.977790777,10732874.966836743,1.4338669216803182,6.8,EUBUCCO
SE125,MFH_HIGH,134,133200.0991005745,752051.589182949,7.324626865671642,20.0,EUBUCCO
SE125,MFH_LOW,9276,4153355.2211091737,9465309.555809705,2.4545062526951273,8.5,EUBUCCO
SE125,NON_RESIDENTIAL,109497,14812589.81398873,0.0,1.2549074403864946,6.6,EUBUCCO
SE125,SFH,59875,7407206.271964184,9991827.818103263,1.5235908141962422,7.4,EUBUCCO
SE211,MFH_HIGH,115,105362.01737382331,665793.0396856185,7.378260869565217,23.7,EUBUCCO
SE211,MFH_LOW,9761,3831775.2651235205,6592882.70967697,1.8817539186558754,8.2,EUBUCCO
SE211,NON_RESIDENTIAL,209690,32568587.04997738,0.0,1.2182240450188373,4.7,EUBUCCO
SE211,SFH,78577,10615065.12574242,13075556.505114844,1.4170189750181352,7.0,EUBUCCO
SE212,MFH_HIGH,12,15524.518983513113,140387.87586317476,7.441666666666666,19.95,EUBUCCO
SE212,MFH_LOW,6221,2447482.4137917077,4125284.35424601,1.8475486256228904,8.0,EUBUCCO
SE212,NON_RESIDENTIAL,130815,18170692.25998577,0.0,1.230535489049421,4.7,EUBUCCO
SE212,SFH,43620,6194984.332409496,7683152.394565444,1.435426409903714,6.8,EUBUCCO
SE213,MFH_HIGH,18,8658.959946129287,54984.17884590201,7.861111111111111,23.2,EUBUCCO
SE213,MFH_LOW,6886,2624636.4556096615,4726844.994290412,2.012837641591635,7.9,EUBUCCO
SE213,NON_RESIDENTIAL,206463,25137341.809904,0.0,1.2749843797678033,5.0,EUBUCCO
SE213,SFH,75592,9492828.782326393,12081922.586849231,1.4631852576992275,6.6,EUBUCCO
SE214,MFH_LOW,2336,988641.7300190496,1529208.5830978774,1.737970890410959,6.5,EUBUCCO
SE214,NON_RESIDENTIAL,75029,8304039.5023282645,0.0,1.1780031721067854,4.4,EUBUCCO
SE214,SFH,25412,2951321.931396339,3393693.230811836,1.3216275775224302,5.1,EUBUCCO
SE221,MFH_HIGH,19,14868.913921716516,68260.97898206416,5.3315789473684205,16.1,EUBUCCO
SE221,MFH_LOW,4225,1627451.1959352812,2833911.210911792,1.9377514792899408,6.3,EUBUCCO
SE221,NON_RESIDENTIAL,105674,11295485.242328001,0.0,1.126277987016674,4.0,EUBUCCO
SE221,SFH,48499,6181228.3385469,7087898.275076212,1.3210189900822698,4.9,EUBUCCO
SE224,MFH_HIGH,815,654815.2197291676,3720934.886074756,6.726748466257669,19.1,EUBUCCO
SE224,MFH_LOW,26571,10640866.431011537,22591177.265128788,2.270960821948741,8.3,EUBUCCO
SE224,NON_RESIDENTIAL,419288,78529524.59675825,0.0,1.289935557421152,4.6,EUBUCCO
SE224,SFH,260389,32448816.485803656,40560557.5695728,1.4619722799350203,6.8,EUBUCCO
SE231,MFH_HIGH,47,33732.22618035983,220318.3154174062,7.829787234042553,22.8,EUBUCCO
SE231,MFH_LOW,9862,3699010.62144187,5947244.862052137,1.7789900628675726,7.9,EUBUCCO
SE231,NON_RESIDENTIAL,148218,23278732.0408707,0.0,1.2474085468701508,4.5,EUBUCCO
SE231,SFH,78099,10047911.696724322,12439193.83156938,1.415959231232154,6.8,EUBUCCO
SE232,MFH_HIGH,948,676644.988552128,4450377.358926183,7.9613924050632905,24.0,EUBUCCO
SE232,MFH_LOW,38044,17227374.070498854,33204008.18536227,2.0374066869940073,8.4,EUBUCCO
SE232,NON_RESIDENTIAL,691555,96658183.12244903,0.0,1.2158431361207713,4.4,EUBUCCO
SE232,SFH,396162,44484545.52275532,53683274.40939584,1.366646725329537,6.6,EUBUCCO
SE311,MFH_HIGH,98,46996.30210064771,288105.9209830893,7.35,21.1,EUBUCCO
SE311,MFH_LOW,6291,2522377.8593365005,4642064.193761626,2.048895247178509,8.1,EUBUCCO
SE311,NON_RESIDENTIAL,261370,26697571.48062952,0.0,1.2353326701610745,5.2,EUBUCCO
SE311,SFH,59233,7407323.827487292,9322840.814323254,1.4391470970573836,6.8,EUBUCCO
SE312,MFH_HIGH,80,52483.51507546515,321968.9953974638,7.3,21.25,EUBUCCO
SE312,MFH_LOW,8508,3214099.5938071264,5992708.662302567,2.0410789844851904,8.5,EUBUCCO
SE312,NON_RESIDENTIAL,305780,27328875.240850147,0.0,1.266393158479953,5.9,EUBUCCO
SE312,SFH,94007,11887857.520361159,15308654.746677458,1.4830182858723286,7.5,EUBUCCO
SE313,MFH_HIGH,81,74236.04636407793,400274.0362581646,6.7061728395061735,20.4,EUBUCCO
SE313,MFH_LOW,8560,3358454.5154694826,6636698.841866362,2.1774883177570095,8.1,EUBUCCO
SE313,NON_RESIDENTIAL,218633,22379778.302138247,0.0,1.2691103355852045,6.1,EUBUCCO
SE313,SFH,74291,9404128.795364229,12184722.893592611,1.4898412997536714,7.2,EUBUCCO
SE321,MFH_HIGH,57,34855.626366886376,200812.03419026872,7.192982456140351,22.1,EUBUCCO
SE321,MFH_LOW,5351,2042050.8023422577,3884875.1125988704,2.097215473743226,9.0,EUBUCCO
SE321,NON_RESIDENTIAL,203089,17907710.933477525,0.0,1.2526803519639174,5.3,EUBUCCO
SE321,SFH,65995,8197384.01802248,10561287.105425723,1.4776195166300476,7.7,EUBUCCO
SE322,MFH_HIGH,22,18426.74067723306,96305.68169432145,6.8,25.95,EUBUCCO
SE322,MFH_LOW,3588,1429158.3897548604,2811177.1505164686,2.114186176142698,11.4,EUBUCCO
SE322,NON_RESIDENTIAL,176776,14391644.70774774,0.0,1.2331860659818075,5.8,EUBUCCO
SE322,SFH,36883,4667452.493299847,5939256.611087937,1.4640539001708104,9.7,EUBUCCO
SE331,MFH_HIGH,101,54346.52205953319,338973.0607916641,7.541584158415842,21.4,EUBUCCO
SE331,MFH_LOW,9646,3667283.2103164387,6998744.090541986,2.084086668048932,8.6,EUBUCCO
SE331,NON_RESIDENTIAL,189455,18698471.246472176,0.0,1.3438568525507375,5.9,EUBUCCO
SE331,SFH,68558,8471136.175246932,11590257.82349253,1.5501414860410165,7.4,EUBUCCO
SE332,MFH_HIGH,66,42653.46346916656,282957.90631335473,7.8984848484848476,25.1,EUBUCCO
SE332,MFH_LOW,9098,3349162.2902861666,5691096.751279157,1.8926577269729612,11.0,EUBUCCO
SE332,NON_RESIDENTIAL,250139,20101998.67432795,0.0,1.2274851182742397,5.6,EUBUCCO
SE332,SFH,84726,10542702.872921485,13525759.744539337,1.4656799565658711,9.2,EUBUCCO
